"Unique ID ","Parent","Name","Tier 1 Parent","Tier (1-4)","Important to NBCU","AG NOTES","Additional signals (e.g., objects, scene settings)","Object signals","Scene signals","Example Advertiser Industry","Logo signals","Explicit Triggers","Date Selected",""
"1","","Automotive","Automotive","1","Y","","","sedan; convertible; wagon; suv; van; pick_up_truck; car; truck; motorcycle; bus","road_outdoor; car_indoor","Automotive","logos for all automotive brands (e.g., cars, services, gas)","","3/9/2021",""
"42","","Books and Literature","Books and Literature","1","Y","","","","library_bookstore","Entertainment","","","3/9/2021",""
"52","","Business and Finance","Business and Finance","1","Y","","Office environment, Cubicles, Desk + Screens, Wall St","","office_indoor","Corporate & Association, Office Supplies and Equipment, Computers","logos for all relevant brands","","3/9/2021",""
"132","","Education","Education","1","Y","","","","university_indoor; university_outdoor; classroom","Education","","","3/9/2021",""
"150","","Events and Attractions","Events and Attractions","1","Y","","","","","","","","3/9/2021",""
"186","","Family and Relationships","Family and Relationships","1","Y","","family dinner, family in car, siblings, family gatherings, family BBQ, anniversaries, weddings, baptisms","","","","","","4/15/2022",""
"201","","Fine Art","Fine Art","1","Y","","art history, paintings, sculptures, ballet, dancing, photographs, camera, painting, collage, drawings, act of... drawing, etc.","","","Travel, Entertainment","","","3/9/2021",""
"210","","Food & Drink","Food & Drink","1","Y","","","food and drink objects","kitchen_indoor; restaurant_indoor","Restaurants, Consumer Goods","logos for all relevant brands","","3/9/2021",""
"223","","Healthy Living","Healthy Living","1","Y","","gym, working out, smoothies, hiking, walking, jogging, running, meal prep, yoga, meditation, diets","","","Personal Care, Pharmaceuticals, Sports and Sport Equiptment","","","4/15/2022",""
"10","2","Crossover","Automotive","3","N","","","","","","","","",""
"11","2","Hatchback","Automotive","3","N","","","","","","","","",""
"12","2","Microcar","Automotive","3","N","","Can-Am, Mini Cooper, Solo, Fiat, 2 person cars/ 2 door, Citi Car","","","","","","",""
"239","","Hobbies & Interests","Hobbies & Interests","1","Y","","","","","Entertainment, Consumer Goods, Toys","","","3/9/2021",""
"14","2","Off-Road Vehicles","Automotive","3","N","","","","","","","","",""
"274","","Home & Garden","Home & Garden","1","Y","","","bed; couch; chair; dining_table; microwave; oven; refrigerator; sink; toaster; toilet","house_indoor; house_outdoor","Home","","","3/9/2021",""
"16","1","Auto Type","Automotive","2","N","","","","","","logos for all relevant brands","","",""
"17","16","Budget Cars","Automotive","3","N","","","","","","logos for all relevant brands","","",""
"18","16","Certified Pre-Owned Cars","Automotive","3","N","","","","","","","","",""
"19","16","Classic Cars","Automotive","3","N","","","","","","","","",""
"20","16","Concept Cars","Automotive","3","N","","","","","","","","",""
"21","16","Driverless Cars","Automotive","3","N","","","","","","logos for all relevant brands","","",""
"286","","Medical Health","Medical Health","1","Y","All tier 2, 3 and 4 categories as signals","doctors, hospitals, doctors office, dentists, stethoscope, ambulance","doctor","hospital_indoor","","","","4/15/2022",""
"324","","Movies","Movies","1","Y","","Movie Theater, Projection Screen, popcorn in theater, cartoons","","movie_theatre","Studios - Universal Pictures, MGM, 21 Century Fox, Focus Features, Warner Brothers ","","Star Wars, Marvel, Avengers, Batman, Iron Man, Spider Man, Titanic, James Cameron, Michael Bay, Martin Scorsese, Steven Spielberg, Geroge Lucas","4/15/2022",""
"24","16","Performance Cars","Automotive","3","N","","","","","","","","",""
"338","","Music and Audio","Music and Audio","1","Y","","Visual: instruments, DJ table, records, music studio, sound booth, microphone, singing (action) + microphone, Radio on table, floor radio, jukebox, car radio","","","","","","3/9/2021",""
"25","1","Car Culture","Automotive","2","N","","","","","","","","",""
"26","1","Dash Cam Videos","Automotive","2","N","","","","","","","","",""
"422","","Pets","Pets","1","Y","","collar, leash, ","dog; cat","","Retail","","","3/9/2021",""
"432","","Pop Culture","Pop Culture","1","Y","All tier 2, 3 and 4 categories as signals","social media, entertainment news","","","","","Instagram, TikTok, Facebook, Twitter, Buzzfeed","4/15/2022",""
"29","1","Scooters","Automotive","2","N","","","","","","","","",""
"30","1","Auto Buying and Selling","Automotive","2","N","","","","","","","","",""
"31","1","Auto Insurance","Automotive","2","N","","","","","","logos for all relevant brands","","",""
"441","","Real Estate","Real Estate","1","Y","","For sale sign, open house sign, moving trucks, boxes, construction site","","house_outdoor; house_indoor; retail_outdoor","Real Estate, Home","","","3/9/2021",""
"33","1","Auto Recalls","Automotive","2","N","","","","","","","","",""
"453","","Religion & Spirituality","Religion & Spirituality","1","Y","","religious books, religious symbols, religious customs - head coverings, kippa cap, shawl, tassel, menorah, christmas tree, santa, manger, ","","religious_event","","","","3/9/2021",""
"35","1","Auto Safety","Automotive","2","N","","","","","","","","",""
"464","","Science","Science","1","Y","","science lab, test tubes","","","","","","3/9/2021",""
"37","1","Auto Technology","Automotive","2","N","","GPS, Blind Spot Detection, Auto wipers, ","","","","","","",""
"38","37","Auto Infotainment Technologies","Automotive","3","N","","","","","","","","",""
"39","37","Auto Navigation Systems","Automotive","3","N","","","","","","","","",""
"40","37","Auto Safety Technologies","Automotive","3","N","","","","","","","","",""
"473","","Shopping","Shopping","1","Y","","shopping bags, malls, storefronts, credit cards","","retail_indoor; retail_outdoor","Retail, Consumer Goods","logos for all relevant brands","","3/9/2021",""
"483","","Sports","Sports","1","Y","All tier 2, 3 and 4 categories as signals","","sports objects","sporting_event","Retail, Consumer Goods","logos for all relevant brands","MLB, NBA, NFL, World Cup, Premier League, La Liga, US Open, NHL","4/15/2022",""
"43","42","Art and Photography Books","Books and Literature","2","N","","","","","","","","",""
"44","42","Biographies","Books and Literature","2","N","","","","","","","","",""
"45","42","Children's Literature","Books and Literature","2","N","","","","","","","","",""
"46","42","Comics and Graphic Novels","Books and Literature","2","N","","","","","","","","",""
"47","42","Cookbooks","Books and Literature","2","N","","","","","","","","",""
"48","42","Fiction","Books and Literature","2","N","","","","","","","","",""
"49","42","Poetry","Books and Literature","2","N","","","","","","","","",""
"50","42","Travel Books","Books and Literature","2","N","","","","","","","","",""
"51","42","Young Adult Literature","Books and Literature","2","N","","","","","","","","",""
"552","","Style & Fashion","Style & Fashion","1","Y","All tier 2, 3 and 4 categories as signals","models, runway, fashion week","","","Retail, Personal Care","logos for all relevant brands","","3/9/2021",""
"53","52","Business","Business and Finance","2","N","","","","","","","","",""
"54","53","Business Accounting & Finance","Business and Finance","3","N","","","","","","","","",""
"55","53","Human Resources","Business and Finance","3","N","","","","","","","","",""
"56","53","Large Business","Business and Finance","3","N","","","","","","","","",""
"57","53","Logistics","Business and Finance","3","N","","","","","","","","",""
"58","53","Marketing and Advertising","Business and Finance","3","N","","","","","","","","",""
"59","53","Sales","Business and Finance","3","N","","","","","","","","",""
"60","53","Small and Medium-sized Business","Business and Finance","3","N","","","","","","","","",""
"61","53","Startups","Business and Finance","3","N","","","","","","","","",""
"62","53","Business Administration","Business and Finance","3","N","","","","","","","","",""
"63","53","Business Banking & Finance","Business and Finance","3","N","","","","","","","","",""
"64","63","Angel Investment","Business and Finance","4","N","","","","","","","","",""
"65","63","Bankruptcy","Business and Finance","4","N","","","","","","","","",""
"66","63","Business Loans","Business and Finance","4","N","","","","","","","","",""
"67","63","Debt Factoring & Invoice Discounting","Business and Finance","4","N","","","","","","","","",""
"68","63","Mergers and Acquisitions","Business and Finance","4","N","","","","","","","","",""
"69","63","Private Equity","Business and Finance","4","N","","","","","","","","",""
"70","63","Sale & Lease Back","Business and Finance","4","N","","","","","","","","",""
"71","63","Venture Capital","Business and Finance","4","N","","","","","","","","",""
"72","53","Business I.T.","Business and Finance","3","N","","","","","","","","",""
"73","53","Business Operations","Business and Finance","3","N","","","","","","","","",""
"74","53","Consumer Issues","Business and Finance","3","N","","","","","","","","",""
"75","74","Recalls","Business and Finance","4","N","","","","","","","","",""
"76","53","Executive Leadership & Management","Business and Finance","3","N","","","","","","","","",""
"77","53","Government Business","Business and Finance","3","N","","","","","","","","",""
"78","53","Green Solutions","Business and Finance","3","N","","","","","","","","",""
"79","53","Business Utilities","Business and Finance","3","N","","","","","","","","",""
"80","52","Economy","Business and Finance","2","N","","","","","","","","",""
"81","80","Commodities","Business and Finance","3","N","","","","","","","","",""
"82","80","Currencies","Business and Finance","3","N","","","","","","","","",""
"83","80","Financial Crisis","Business and Finance","3","N","","","","","","","","",""
"84","80","Financial Reform","Business and Finance","3","N","","","","","","","","",""
"85","80","Financial Regulation","Business and Finance","3","N","","","","","","","","",""
"86","80","Gasoline Prices","Business and Finance","3","N","","","","","","","","",""
"87","80","Housing Market","Business and Finance","3","N","","","","","","","","",""
"88","80","Interest Rates","Business and Finance","3","N","","","","","","","","",""
"89","80","Job Market","Business and Finance","3","N","","","","","","","","",""
"90","52","Industries","Business and Finance","2","N","","","","","","","","",""
"91","90","Advertising Industry","Business and Finance","3","N","","","","","","logos for all relevant brands","","",""
"596","","Technology & Computing","Technology & Computing","1","Y","","computers, laptops, tablets","laptop; cellphone; keyboard","","","logos for all relevant brands","","3/9/2021",""
"640","","Television","Television","1","Y","","television set, flatscreen TVs, vintage TVs","tv; remote","","","","","3/9/2021",""
"94","90","Environmental Services Industry","Business and Finance","3","N","","","","","","logos for all relevant brands","","",""
"653","","Travel","Travel","1","Y","","airplanes, trains, buses, taxis, airports, train stations, railroads","airplane; train; suitcase","airplane_indoor; beach_outdoor; cruise_outdoor; hotel_indoor; hotel_outdoor","Travel","logos for all relevant brands","","3/9/2021",""
"680","","Video Gaming","Video Gaming","1","Y","","video game console, game controllers","video_game","","Consumer Goods, Computers, Entertainment","logos for all relevant brands","","3/9/2021",""
"2","1","Auto Body Styles","Automotive","2","Y","","","sedan; convertible; wagon; suv; van; pick_up_truck; car; truck; motorcycle; bus","","Automotive","","","3/9/2021",""
"27","1","Motorcycles","Automotive","2","Y","","","Motorcycles","","Automotive","","","3/9/2021",""
"99","90","Information Services Industry","Business and Finance","3","N","","","","","","logos for all relevant brands","","",""
"100","90","Legal Services Industry","Business and Finance","3","N","","","","courtroom_indoor","","","","",""
"28","1","Road-Side Assistance","Automotive","2","Y","","AAA, Safelight, car jack, spare tire change, side of road, pulled over car","","","Automotive","logos for all relevant brands","","3/9/2021",""
"102","90","Agriculture","Business and Finance","3","N","","","tractor","farm_crop","","logos for all relevant brands","","",""
"103","90","Management Consulting Industry","Business and Finance","3","","","","","","","logos for all relevant brands","","",""
"104","90","Manufacturing Industry","Business and Finance","3","N","","","","assembly_line","","logos for all relevant brands","","",""
"105","90","Mechanical and Industrial Engineering Industry","Business and Finance","3","N","","","","","","","","",""
"32","1","Auto Parts","Automotive","2","Y","","Mufflers, Tires, Car jacks, Tire Rims, Car Engine, Engine parts, Mechanic, Car Lift, Auto Body Repair Shop, Body Shop, Gas Station (maybe)","","","Automotive","","","3/9/2021",""
"107","90","Metals Industry","Business and Finance","3","N","","","","","","","","",""
"108","90","Non-Profit Organizations","Business and Finance","3","N","","","","","","logos for all relevant brands","","",""
"109","90","Pharmaceutical Industry","Business and Finance","3","N","","","","hospital","","logos for all relevant brands","","",""
"110","90","Power and Energy Industry","Business and Finance","3","N","","","","","","logos for all relevant brands","","",""
"111","90","Publishing Industry","Business and Finance","3","N","","","","library; bookstore","","logos for all relevant brands","","",""
"112","90","Real Estate Industry","Business and Finance","3","N","","","","","","logos for all relevant brands","","",""
"34","1","Auto Repair","Automotive","2","Y","","Car Lift, Mechanic, Repair Shop, Detection by Brand (meinke, pep boys, Goodyear, Exxon Quick Lube, etc)","","body_shop","","","","3/9/2021",""
"36","1","Auto Shows","Automotive","2","Y","","","","","Automotive","","","3/9/2021",""
"41","1","Auto Rentals","Automotive","2","Y","","Detect by brand - Enterprise, Car Lot, Airport + Car Rental, Hertz","","","Automotive","logos for all relevant brands","","3/9/2021",""
"137","132","College Education","Education","2","Y","","","","university_indoor; university_outdoor; classroom; graduation","Education, Corporate & Association","logos for all relevant brands","","3/9/2021",""
"149","132","Primary Education","Education","2","Y","","Kids + Classroom, Kids + zoom, Kids at Desks, Kids in Library, Kid off school bus, School Bus","","","","","","3/9/2021",""
"152","150","Fashion Events","Events and Attractions","2","Y","","","","runway_show","Retail","","","3/9/2021",""
"119","90","Biotech and Biomedical Industry","Business and Finance","3","N","","","","hospital_indoor","","logos for all relevant brands","","",""
"120","90","Civil Engineering Industry","Business and Finance","3","N","","","","","","","","",""
"121","90","Construction Industry","Business and Finance","3","N","","","","construction_site","","","","",""
"122","90","Defense Industry","Business and Finance","3","N","","","tanks; submarines; missiles","","","logos for all relevant brands","","",""
"123","","Careers","Careers","1","N","","","","","","","","",""
"124","123","Apprenticeships","Careers","2","N","","","","","","","","",""
"125","123","Career Advice","Careers","2","N","","","","","","","","",""
"126","123","Career Planning","Careers","2","N","","","","","","","","",""
"127","123","Job Search","Careers","2","N","","","","","","","","",""
"128","127","Job Fairs","Careers","3","N","","","","","","","","",""
"129","127","Resume Writing and Advice","Careers","3","N","","","","","","","","",""
"130","123","Remote Working","Careers","2","Maybe","","Zoom Screen, Home + Desk, Home Office, Working at Coffee Shop, ","","","Computers, Corporate & Association","","Zoom, Microsoft Teams, Google Meet","",""
"131","123","Vocational Training","Careers","2","N","","","","","","","","",""
"154","150","Malls & Shopping Centers","Events and Attractions","2","Y","","","","retail_outdoor; retail_shopping","Retail","","","3/9/2021",""
"133","132","Adult Education","Education","2","N","","","","","","","","",""
"134","132","Private School","Education","2","N","","","","","","","","",""
"135","132","Secondary Education","Education","2","N","","","","","","","","",""
"136","132","Special Education","Education","2","N","","","","","","","","",""
"155","150","Museums & Galleries","Events and Attractions","2","Y","","","","museum_indoor","Travel, Government","","","3/9/2021",""
"138","137","College Planning","Education","3","N","","","","","","","","",""
"139","137","Postgraduate Education","Education","3","N","","","","","","","","",""
"140","139","Professional School","Education","4","N","","","","","","","","",""
"141","137","Undergraduate Education","Education","3","N","","","","","","","","",""
"142","132","Early Childhood Education","Education","2","N","","","","classroom_indoor","","","","",""
"143","132","Educational Assessment","Education","2","N","","","","","","","","",""
"144","143","Standardized Testing","Education","3","N","","","","","","","","",""
"145","132","Homeschooling","Education","2","N","","","","","","","","",""
"146","132","Homework and Study","Education","2","N","","","","","","","","",""
"147","132","Language Learning","Education","2","N","","","","","","","","",""
"148","132","Online Education","Education","2","N","","","","","","","","",""
"159","150","Outdoor Activities","Events and Attractions","2","Y","","","","","","","","3/9/2021",""
"160","150","Parks & Nature","Events and Attractions","2","Y","","","","park_outdoor","","","","3/9/2021",""
"151","150","Amusement and Theme Parks","Events and Attractions","2","N","","","","amusement_park","","","","",""
"162","150","Awards Shows","Events and Attractions","2","Y","","","","award_show","Retail, Home","","","3/9/2021",""
"153","150","Historic Site and Landmark Tours","Events and Attractions","2","N","","","","","","","","",""
"163","150","Personal Celebrations & Life Events","Events and Attractions","2","Y","","","","","Retail","","","3/9/2021",""
"175","150","Religious Events","Events and Attractions","2","Y","","Baptism, first communion, bris, bar mitzvah","","religious_event","","","","3/9/2021",""
"156","150","Musicals","Events and Attractions","2","N","","","","theatre_indoor","","","","",""
"157","150","National & Civic Holidays","Events and Attractions","2","N","","","","","","","","",""
"158","150","Nightclubs","Events and Attractions","2","N","","","","nightclub_indoor","","","","",""
"177","150","Theater Venues and Events","Events and Attractions","2","Y","","","","theatre_indoor","Entertainment","","","3/9/2021",""
"178","150","Zoos & Aquariums","Events and Attractions","2","Y","","","elephant; bear; giraffe; zebra","zoo; aquarium","Travel, Government","","","3/9/2021",""
"161","150","Party Supplies and Decorations","Events and Attractions","2","N","","","","celebration","","","","",""
"179","150","Bars & Restaurants","Events and Attractions","2","Y","","","","restaurant_indoor","Restaurants","logos for all relevant brands","","3/9/2021",""
"181","150","Casinos & Gambling","Events and Attractions","2","Y","","Online Gambling, Sport Gambling, Online Casino, Casino App, Slot Machine, Poker, Blackjack, Card Table, Roulette","roulette_wheel; playing_cards; poker_chips; slot_machine","casino_indoor","Travel, Entertainment","logos for all relevant brands","","3/9/2021",""
"164","163","Anniversary","Events and Attractions","3","N","","","","","","","","",""
"182","150","Cinemas and Events","Events and Attractions","2","Y","","AMC, Movie theater, drive in movie theater, Dine in movie theater","","movie_theatre","Travel, Entertainment","","","3/9/2021",""
"166","163","Baby Shower","Events and Attractions","3","N","","","","","","","","",""
"167","163","Bachelor Party","Events and Attractions","3","N","","","","","","","","",""
"168","163","Bachelorette Party","Events and Attractions","3","N","","","","","","","","",""
"169","163","Birth","Events and Attractions","3","N","","","baby","birth","","","","",""
"183","150","Comedy Events","Events and Attractions","2","Y","","Comedian, Comedy, Stand up comedy, improv, sketch comedy","","","Travel, Entertainment","","","3/9/2021",""
"171","163","Funeral","Events and Attractions","3","N","","","","funeral","","","","",""
"184","150","Concerts & Music Events","Events and Attractions","2","Y","","Stadium filled with people, Dark environment + Instruments, Stage, Dancing, Bright Lights","","concert_festival","Travel, Entertainment","","","3/9/2021",""
"188","186","Dating","Family and Relationships","2","Y","","couple at restaurant, couple holding hands, couple in bed, kissing","","","","","Tinder, Bumble, OkCupid, Match.com, Grindr, eharmony, Coffee Meets Bagels","4/15/2022",""
"174","150","Political Event","Events and Attractions","2","N","","","","political_event","","","","",""
"192","186","Parenting","Family and Relationships","2","Y","","mom and dad, mom and kids, dad and kids, parent arguments","","","","","","4/15/2022",""
"176","150","Sporting Events","Events and Attractions","2","N","","","","sporting_event","","","","",""
"200","186","Single Life","Family and Relationships","2","Y","","dating apps","","","","","Tinder, Bumble, OkCupid, Match.com, Grindr, eharmony, Coffee Meets Bagels","4/15/2022",""
"211","210","Alcoholic Beverages","Food & Drink","2","Y","","","Wine glass; wine bottle; beer bottle","","Alcoholic Beverages","logos for all relevant brands","","3/9/2021",""
"214","210","World Cuisines","Food & Drink","2","Y","","food + travel","","","","","","3/9/2021",""
"180","150","Business Expos & Conferences","Events and Attractions","2","N","","","","","","","","",""
"215","210","Barbecues and Grilling","Food & Drink","2","Y","","","","","","","","3/9/2021",""
"216","210","Cooking","Food & Drink","2","Y","","","oven; toaster; microwave; refrigerator; pots; pans","kitchen_indoor; cooking","","","","3/9/2021",""
"217","210","Desserts and Baking","Food & Drink","2","Y","","","cake; cookies","","","","","3/9/2021",""
"218","210","Dining Out","Food & Drink","2","Y","","outside + eating, restaurants, waiter, hostess, hostess stand, menu","","restaurant_indoor","","logos for all relevant brands","","3/9/2021",""
"185","150","Fan Conventions","Events and Attractions","2","N","","Comic Con","","","","","","",""
"222","210","Non-Alcoholic Beverages","Food & Drink","2","Y","","Detect by brand, Coke, Soda, Juice, Seltzer, Soda fountain, water, coffee, coffee cup, tea, tea cup, tea pot, tea time","","","Non-Alcoholic Beverages","logos for all relevant brands","","3/9/2021",""
"187","186","Bereavement","Family and Relationships","2","N","","","","","","","","",""
"225","223","Fitness and Exercise","Healthy Living","2","Y","","Sports, running, biking, rollerblading, ice skating, stretching, weightlifting, crossfit, treadmill, stationary bike, elliptical, gym","exercise_bike; rowing_machine; free_weights","gym_indoor","Sports and Sports Equipment","logos for all relevant brands","","3/9/2021",""
"189","186","Divorce","Family and Relationships","2","N","","","","","","","","",""
"190","186","Eldercare","Family and Relationships","2","N","","","","","","","","",""
"191","186","Marriage and Civil Unions","Family and Relationships","2","N","","","","","","","","",""
"232","223","Wellness","Healthy Living","2","Y","","Vegetables, Exercise, Treadmill, Stretching, Weightlifting","","","Consumer Goods, Retail, Sports and Sports Equipment, Personal Care","","","3/9/2021",""
"193","192","Adoption and Fostering","Family and Relationships","3","N","","","","","","","","",""
"243","239","Musical Instruments","Hobbies & Interests","2","Y","","piano, violin, guitar, saxophone, harp","musical instruments","musical_performance","","","","3/9/2021",""
"195","192","Internet Safety","Family and Relationships","3","N","","","","","","","","",""
"196","192","Parenting Babies and Toddlers","Family and Relationships","3","N","","","","","","","","",""
"197","192","Parenting Children Aged 4-11","Family and Relationships","3","N","","","","","","","","",""
"198","192","Parenting Teens","Family and Relationships","3","N","","","","","","","","",""
"199","192","Special Needs Kids","Family and Relationships","3","N","","","","","","","","",""
"269","239","Games and Puzzles","Hobbies & Interests","2","Y","","","","","Toys, Computers","","","3/9/2021",""
"275","274","Gardening","Home & Garden","2","Y","","hoe, shovel, rake, soil, pots, gardening gloves, garden hat, apron, flowers, seeds, outdoor plants, indoor plants","potted_plant","house_outdoor","","","","3/9/2021",""
"202","201","Costume","Fine Art","2","N","","","","","","","","",""
"203","201","Dance","Fine Art","2","N","","","","","","","","",""
"204","201","Design","Fine Art","2","N","","","","","","","","",""
"205","201","Digital Arts","Fine Art","2","N","","","","","","","","",""
"206","201","Fine Art Photography","Fine Art","2","N","","","","","","","","",""
"207","201","Modern Art","Fine Art","2","N","","","","","","","","",""
"208","201","Opera","Fine Art","2","N","","","","","","","","",""
"209","201","Theater","Fine Art","2","N","","","","","","","","",""
"276","274","Remodeling & Construction","Home & Garden","2","Y","","Drywall, insulation, wood beams, electrical house wires, hammer, flooring, tile, carpet, painting, cabinetry, hard hats, demolition","","","","","","3/9/2021",""
"277","274","Smart Home","Home & Garden","2","Y","","digital home thermometer, home security, wifi lighting, voice activation, home AI, smart appliances","","","Home, Telecommunication, Computer","","","3/9/2021",""
"212","210","Vegan Diets","Food & Drink","2","N","","","","","","","","",""
"213","210","Vegetarian Diets","Food & Drink","2","N","","","","","","","","",""
"278","274","Home Appliances","Home & Garden","2","Y","","dishwasher, refridgerator, stove, oven, convection oven, washer, dryer, kitchen stand mixer, toaster, coffee machine, electric coffee pot, blenders, ","microwave; oven; refrigerator; sink; toaster","","","","","3/9/2021",""
"279","274","Home Entertaining","Home & Garden","2","Y","","home bar/entertainment center, pool table, home + party, large group of people + house","","","","","","3/9/2021",""
"280","274","Home Improvement","Home & Garden","2","Y","","*same as remodeling and construction","","","Home","","","3/9/2021",""
"281","274","Home Security","Home & Garden","2","Y","","alarm system, home video cameras, security cameras, smart home tech, ring doorbell camera","","","","","","3/9/2021",""
"284","274","Landscaping","Home & Garden","2","Y","","landscaper truck, new outdoor plants, sod, soil, planting trees, outdoor flowers","lawnmower","","","","","3/9/2021",""
"219","210","Food Allergies","Food & Drink","2","N","","","","","","","","",""
"220","210","Food Movements","Food & Drink","2","N","","","","","","","","",""
"221","210","Healthy Cooking and Eating","Food & Drink","2","N","","","","","","","","",""
"423","422","Birds","Pets","2","Y","","bird cage, bird feeder","bird","","","","","3/9/2021",""
"424","422","Cats","Pets","2","Y","","kitty litter","cat","","","","","3/9/2021",""
"224","223","Children's Health","Healthy Living","2","N","","","","","","","","",""
"425","422","Dogs","Pets","2","Y","","dog parks, dog trainer, dog run, dog tricks, dog behavior, ","dog","","","","","3/9/2021",""
"226","225","Participant Sports","Healthy Living","3","N","","","","","","","","",""
"227","225","Running and Jogging","Healthy Living","3","N","","","","","","","","",""
"228","223","Men's Health","Healthy Living","2","N","","","","","","","","",""
"229","223","Nutrition","Healthy Living","2","N","","","","","","","","",""
"230","223","Senior Health","Healthy Living","2","N","","","","","","","","",""
"231","223","Weight Loss","Healthy Living","2","N","","","","","","","","",""
"427","422","Large Animals","Pets","2","Y","","zoo, lion, tiger, bear, whale","horse; bear; elephant; cow; zebra; giraffe; sheep","","","","","3/9/2021",""
"233","232","Alternative Medicine","Healthy Living","3","N","","","","","","","","",""
"234","233","Herbs and Supplements","Healthy Living","4","N","","","","","","","","",""
"235","233","Holistic Health","Healthy Living","4","N","","","","","","","","",""
"236","232","Physical Therapy","Healthy Living","3","N","","","","","","","","",""
"237","232","Smoking Cessation","Healthy Living","3","N","","","","","","","","",""
"238","223","Women's Health","Healthy Living","2","N","","","","","","","","",""
"429","422","Reptiles","Pets","2","Y","","lizard, snake","turtles","","","","","3/9/2021",""
"240","239","Antiquing and Antiques","Hobbies & Interests","2","N","","","","","","","","",""
"241","239","Magic and Illusion","Hobbies & Interests","2","N","","","","","","","","",""
"242","239","Model Toys","Hobbies & Interests","2","N","","","","","","","","",""
"442","441","Apartments","Real Estate","2","Y","","small spaces, studio, loft","","apartment_outdoor; apartment_indoor","","","","3/9/2021",""
"244","239","Paranormal Phenomena","Hobbies & Interests","2","N","","","","","","","","",""
"245","239","Radio Control","Hobbies & Interests","2","N","","","","","","","","",""
"246","239","Sci-fi and Fantasy","Hobbies & Interests","2","N","","","","","","","","",""
"247","239","Workshops and Classes","Hobbies & Interests","2","N","","","","","","","","",""
"248","239","Arts and Crafts","Hobbies & Interests","2","N","","","","","","","","",""
"249","248","Beadwork","Hobbies & Interests","3","N","","","","","","","","",""
"250","248","Candle and Soap Making","Hobbies & Interests","3","N","","","","","","","","",""
"251","248","Drawing and Sketching","Hobbies & Interests","3","N","","","","","","","","",""
"252","248","Jewelry Making","Hobbies & Interests","3","N","","","","","","","","",""
"253","248","Needlework","Hobbies & Interests","3","N","","","","","","","","",""
"254","248","Painting","Hobbies & Interests","3","N","","","","","","","","",""
"255","248","Photography","Hobbies & Interests","3","N","","","","","","","","",""
"256","248","Scrapbooking","Hobbies & Interests","3","N","","","","","","","","",""
"257","248","Woodworking","Hobbies & Interests","3","N","","","","","","","","",""
"258","239","Beekeeping","Hobbies & Interests","2","N","","","","","","","","",""
"259","239","Birdwatching","Hobbies & Interests","2","N","","","","","","","","",""
"260","239","Cigars","Hobbies & Interests","2","N","","","","","","","","",""
"261","239","Collecting","Hobbies & Interests","2","N","","","","","","","","",""
"262","261","Comic Books","Hobbies & Interests","3","N","","","","","","","","",""
"263","261","Stamps and Coins","Hobbies & Interests","3","N","","","","","","","","",""
"264","239","Content Production","Hobbies & Interests","2","N","","","","","","","","",""
"265","264","Audio Production","Hobbies & Interests","3","N","","","","","","","","",""
"266","264","Freelance Writing","Hobbies & Interests","3","N","","","","","","","","",""
"267","264","Screenwriting","Hobbies & Interests","3","N","","","","","","","","",""
"268","264","Video Production","Hobbies & Interests","3","N","","","","","","","","",""
"443","441","Retail Property","Real Estate","2","Y","","Shops, shopping mall, boutiques","","retail_outdoor","","","","3/9/2021",""
"446","441","Hotel Properties","Real Estate","2","Y","","hotel lobby, elevator, room key, room service","","hotel_outdoor; hotel_indoor","Travel","logos for all relevant brands","","3/9/2021",""
"447","441","Houses","Real Estate","2","Y","","colonial, porches, driveways, roof","","house_outdoor; house_indoor","","","","3/9/2021",""
"272","269","Roleplaying Games","Hobbies & Interests","3","N","","","","","","","","",""
"273","239","Genealogy and Ancestry","Hobbies & Interests","2","N","","","","","","","","",""
"449","441","Land and Farms","Real Estate","2","Y","","barns, pastures, fields, hills, trees","cow; sheep","farm_crop","","","","3/9/2021",""
"450","441","Office Property","Real Estate","2","Y","","","","office_indoor","Office Supplies and Equipment, Real Estate","","","3/9/2021",""
"472","464","Space and Astronomy","Science","2","Y","","NASA, space station, rocketship, stars, planets, sun, moon, earth","planet; rocket","","","","","3/9/2021",""
"475","473","Flower Shopping","Shopping","2","Y","","bouquets, vases, seeds","","","","","","3/9/2021",""
"477","473","Grocery Shopping","Shopping","2","Y","","grocery cart, grocery store, grocery aisle, checkout counter, cash register","food objects AND","AND retail_shopping","","logos for all relevant brands","","3/9/2021",""
"478","473","Holiday Shopping","Shopping","2","Y","","","holiday_decoration; santa_claus","","","","","3/9/2021",""
"479","473","Household Supplies","Shopping","2","Y","","washing machine, dishwasher, cleaning supplies, faucets, sinks, shower curtains","","","","logos for all relevant brands","","3/9/2021",""
"482","473","Children's Games and Toys","Shopping","2","Y","","legos, building blocks, stuffed animals","","","","","","3/9/2021",""
"282","274","Indoor Environmental Quality","Home & Garden","2","N","","","","","","","","",""
"283","274","Interior Decorating","Home & Garden","2","N","","","","","","","","",""
"553","552","Beauty","Style & Fashion","2","Y","","","","","","logos for all relevant brands","","3/9/2021",""
"285","274","Outdoor Decorating","Home & Garden","2","N","","","","","","","","",""
"632","596","Consumer Electronics","Technology & Computing","2","Y","","portable charger, speakers, headphones","laptop; cellphone; tablet; camera","","","logos for all relevant brands","","3/9/2021",""
"287","286","Diseases and Conditions","Medical Health","2","N","","","","","","","","",""
"288","287","Allergies","Medical Health","3","N","","","","","","","","",""
"289","287","Ear, Nose and Throat Conditions","Medical Health","3","N","","","","","","","","",""
"290","287","Endocrine and Metabolic Diseases","Medical Health","3","N","","","","","","","","",""
"291","290","Hormonal Disorders","Medical Health","4","N","","","","","","","","",""
"292","290","Menopause","Medical Health","4","N","","","","","","","","",""
"293","290","Thyroid Disorders","Medical Health","4","N","","","","","","","","",""
"294","287","Eye and Vision Conditions","Medical Health","3","N","","","","","","","","",""
"295","287","Foot Health","Medical Health","3","N","","","","","","","","",""
"296","287","Heart and Cardiovascular Diseases","Medical Health","3","N","","","","","","","","",""
"297","287","Infectious Diseases","Medical Health","3","N","","","","","","","","",""
"298","287","Injuries","Medical Health","3","N","","","","","","","","",""
"299","298","First Aid","Medical Health","4","N","","","","","","","","",""
"300","287","Lung and Respiratory Health","Medical Health","3","N","","","","","","","","",""
"301","287","Mental Health","Medical Health","3","N","","","","","","","","",""
"302","287","Reproductive Health","Medical Health","3","N","","","","","","","","",""
"303","302","Birth Control","Medical Health","4","N","","","","","","","","",""
"304","302","Infertility","Medical Health","4","N","","","","","","","","",""
"305","302","Pregnancy","Medical Health","4","N","","","","","","","","",""
"306","287","Blood Disorders","Medical Health","3","N","","","","","","","","",""
"307","287","Sexual Health","Medical Health","3","N","","","","","","","","",""
"308","307","Sexual Conditions","Medical Health","4","N","","","","","","","","",""
"309","287","Skin and Dermatology","Medical Health","3","N","","","","","","","","",""
"310","287","Sleep Disorders","Medical Health","3","N","","","","","","","","",""
"311","287","Substance Abuse","Medical Health","3","N","","","","","","","","",""
"312","287","Bone and Joint Conditions","Medical Health","3","N","","","","","","","","",""
"313","287","Brain and Nervous System Disorders","Medical Health","3","N","","","","","","","","",""
"314","287","Cancer","Medical Health","3","N","","","","","","","","",""
"315","287","Cold and Flu","Medical Health","3","N","","","","","","","","",""
"316","287","Dental Health","Medical Health","3","N","","","","","","","","",""
"317","287","Diabetes","Medical Health","3","N","","","","","","","","",""
"318","287","Digestive Disorders","Medical Health","3","N","","","","","","","","",""
"319","286","Medical Tests","Medical Health","2","N","","","","","","","","",""
"320","286","Pharmaceutical Drugs","Medical Health","2","N","","","","","","logos for all relevant brands","","","medical_injectibles"
"321","286","Surgery","Medical Health","2","N","","","","","","","","",""
"322","286","Vaccines","Medical Health","2","N","","","","","","","","",""
"323","286","Cosmetic Medical Services","Medical Health","2","N","","","","","","","","",""
"654","653","Travel Accessories","Travel","2","Y","","suitcases, backpacks, sleep masks","suitcase","","","","","3/9/2021",""
"325","324","Action and Adventure Movies","Movies","2","N","","","","","","","","",""
"326","324","Romance Movies","Movies","2","N","","","","","","","","",""
"327","324","Science Fiction Movies","Movies","2","N","","","","","","","","",""
"328","324","Special Interest Movies","Movies","2","N","","","","","","","","",""
"329","324","Animation Movies","Movies","2","N","","","","","","","","",""
"330","324","Comedy Movies","Movies","2","N","","","","","","","","",""
"331","324","Crime and Mystery Movies","Movies","2","N","","","","","","","","",""
"332","324","Documentary Movies","Movies","2","N","","","","","","","","",""
"333","324","Drama Movies","Movies","2","N","","","","","","","","",""
"334","324","Family and Children Movies","Movies","2","N","","","","","","","","",""
"335","324","Fantasy Movies","Movies","2","N","","","","","","","","",""
"336","324","Horror Movies","Movies","2","N","","","","","","","","",""
"337","324","World Movies","Movies","2","N","","","","","","","","",""
"655","653","Travel Locations","Travel","2","Y","","","","","","","","3/9/2021",""
"339","338","Adult Contemporary Music","Music and Audio","2","N","","","","","","","","",""
"340","339","Soft AC Music","Music and Audio","3","N","","","","","","","","",""
"341","339","Urban AC Music","Music and Audio","3","N","","","","","","","","",""
"342","338","Adult Album Alternative","Music and Audio","2","N","","","","","","","","",""
"343","338","Alternative Music","Music and Audio","2","N","","","","","","","","",""
"344","338","Children's Music","Music and Audio","2","N","","","","","","","","",""
"345","338","Classic Hits","Music and Audio","2","N","","","","","","","","",""
"346","338","Classical Music","Music and Audio","2","N","","","","","","","","",""
"347","338","College Radio","Music and Audio","2","N","","","","","","","","",""
"348","338","Comedy (Music and Audio)","Music and Audio","2","N","","","","","","","","",""
"349","338","Contemporary Hits/Pop/Top 40","Music and Audio","2","N","","","","","","","","",""
"350","338","Country Music","Music and Audio","2","N","","","","","","","","",""
"351","338","Dance and Electronic Music","Music and Audio","2","N","","","","","","","","",""
"352","338","World/International Music","Music and Audio","2","N","","","","","","","","",""
"353","338","Songwriters/Folk","Music and Audio","2","N","","","","","","","","",""
"354","338","Gospel Music","Music and Audio","2","N","","","","","","","","",""
"355","338","Hip Hop Music","Music and Audio","2","N","","","","","","","","",""
"356","338","Inspirational/New Age Music","Music and Audio","2","N","","","","","","","","",""
"357","338","Jazz","Music and Audio","2","N","","","","","","","","",""
"358","338","Oldies/Adult Standards","Music and Audio","2","N","","","","","","","","",""
"359","338","Reggae","Music and Audio","2","N","","","","","","","","",""
"360","338","Blues","Music and Audio","2","N","","","","","","","","",""
"361","338","Religious (Music and Audio)","Music and Audio","2","N","","","","","","","","",""
"362","338","R&B/Soul/Funk","Music and Audio","2","N","","","","","","","","",""
"363","338","Rock Music","Music and Audio","2","N","","","","","","","","",""
"364","363","Album-oriented Rock","Music and Audio","3","N","","","","","","","","",""
"365","363","Alternative Rock","Music and Audio","3","N","","","","","","","","",""
"366","363","Classic Rock","Music and Audio","3","N","","","","","","","","",""
"367","363","Hard Rock","Music and Audio","3","N","","","","","","","","",""
"368","363","Soft Rock","Music and Audio","3","N","","","","","","","","",""
"369","338","Soundtracks, TV and Showtunes","Music and Audio","2","N","","","","","","","","",""
"370","338","Sports Radio","Music and Audio","2","N","","","","","","","","",""
"371","338","Talk Radio","Music and Audio","2","N","","","","","","","","",""
"372","371","Business News Radio","Music and Audio","3","N","","","","","","","","",""
"373","371","Educational Radio","Music and Audio","3","N","","","","","","","","",""
"374","371","News Radio","Music and Audio","3","N","","","","","","","","",""
"375","371","News/Talk Radio","Music and Audio","3","N","","","","","","","","",""
"376","371","Public Radio","Music and Audio","3","N","","","","","","","","",""
"377","338","Urban Contemporary Music","Music and Audio","2","N","","","","","","","","",""
"378","338","Variety (Music and Audio)","Music and Audio","2","N","","","","","","","","",""
"379","","News and Politics","News and Politics","1","N","","*News business use case needs to be scoped by NBCU - priority TBD","","news_studio","","","","","OCR"
"380","379","Crime","News and Politics","2","N","","","","","","","","","OCR"
"381","379","Disasters","News and Politics","2","N","","","","","","","","","OCR"
"382","379","International News","News and Politics","2","N","","","","","","","","","OCR"
"383","379","Law","News and Politics","2","N","","","","","","","","","OCR"
"384","379","Local News","News and Politics","2","N","","","","","","","","","OCR"
"385","379","National News","News and Politics","2","N","","","","","","","","","OCR"
"386","379","Politics","News and Politics","2","N","","","","political_event","","","","","OCR"
"387","386","Elections","News and Politics","3","N","","","","","","","","","OCR"
"388","386","Political Issues","News and Politics","3","N","","","","","","","","","OCR"
"389","386","War and Conflicts","News and Politics","3","N","","","","","","","","","military_conflict"
"390","379","Weather","News and Politics","2","N","","","","weather_report","","","","",""
"391","","Personal Finance","Personal Finance","1","N","","","","","","","","",""
"392","391","Consumer Banking","Personal Finance","2","N","","","","","","","","",""
"393","391","Financial Assistance","Personal Finance","2","N","","","","","","","","",""
"394","393","Government Support and Welfare","Personal Finance","3","N","","","","","","","","",""
"395","393","Student Financial Aid","Personal Finance","3","N","","","","","","","","",""
"396","391","Financial Planning","Personal Finance","2","N","","","","","","","","",""
"397","391","Frugal Living","Personal Finance","2","N","","","","","","","","",""
"398","391","Insurance","Personal Finance","2","N","","","","","","logos for all relevant brands","","",""
"399","398","Health Insurance","Personal Finance","3","N","","","","","","","","",""
"400","398","Home Insurance","Personal Finance","3","N","","","","","","","","",""
"401","398","Life Insurance","Personal Finance","3","N","","","","","","","","",""
"402","398","Motor Insurance","Personal Finance","3","N","","","","","","","","",""
"403","398","Pet Insurance","Personal Finance","3","N","","","","","","","","",""
"404","398","Travel Insurance","Personal Finance","3","N","","","","","","","","",""
"405","391","Personal Debt","Personal Finance","2","N","","","","","","","","",""
"406","405","Credit Cards","Personal Finance","3","N","","","","","","logos for all relevant brands","","",""
"407","405","Home Financing","Personal Finance","3","N","","","","","","","","",""
"408","405","Personal Loans","Personal Finance","3","N","","","","","","","","",""
"409","405","Student Loans","Personal Finance","3","N","","","","","","","","",""
"410","391","Personal Investing","Personal Finance","2","N","","","","","","","","",""
"411","410","Hedge Funds","Personal Finance","3","N","","","","","","","","",""
"412","410","Mutual Funds","Personal Finance","3","N","","","","","","","","",""
"413","410","Options","Personal Finance","3","N","","","","","","","","",""
"414","410","Stocks and Bonds","Personal Finance","3","N","","","","","","","","",""
"415","391","Personal Taxes","Personal Finance","2","N","","","","","","","","",""
"416","391","Retirement Planning","Personal Finance","2","N","","","","","","","","",""
"417","391","Home Utilities","Personal Finance","2","N","","","","","","","","",""
"418","417","Gas and Electric","Personal Finance","3","N","","","","","","","","",""
"419","417","Internet Service Providers","Personal Finance","3","N","","","","","","logos for all relevant brands","","",""
"420","417","Phone Services","Personal Finance","3","N","","","","","","logos for all relevant brands","","",""
"421","417","Water Services","Personal Finance","3","N","","","","","","","","",""
"3","2","Commercial Trucks","Automotive","3","Y","","","truck","","Automotive","","","3/9/2021",""
"4","2","Sedan","Automotive","3","Y","","","sedan","","Automotive","","","3/9/2021",""
"5","2","Station Wagon","Automotive","3","Y","","","wagon","","Automotive","","","3/9/2021",""
"6","2","SUV","Automotive","3","Y","","","suv","","Automotive","","","3/9/2021",""
"426","422","Fish and Aquariums","Pets","2","N","","fish tank, fish bowl, fish food","fish","aquarium","","","","",""
"7","2","Van","Automotive","3","Y","","","van","","Automotive","","","3/9/2021",""
"428","422","Pet Adoptions","Pets","2","N","","","","","","","","",""
"8","2","Convertible","Automotive","3","Y","","","convertible","","Automotive","","","3/9/2021",""
"430","422","Veterinary Medicine","Pets","2","N","","","","","","","","",""
"431","422","Pet Supplies","Pets","2","N","","","","","","","","",""
"9","2","Coupe","Automotive","3","Y","","","sedan","","Automotive","","","3/9/2021",""
"433","432","Celebrity Deaths","Pop Culture","2","N","","","","","","","","",""
"434","432","Celebrity Families","Pop Culture","2","N","","","","","","","","",""
"435","432","Celebrity Homes","Pop Culture","2","N","","","","","","","","",""
"436","432","Celebrity Pregnancy","Pop Culture","2","N","","","","","","","","",""
"437","432","Celebrity Relationships","Pop Culture","2","N","","","","","","","","",""
"438","432","Celebrity Scandal","Pop Culture","2","N","","","","","","","","",""
"439","432","Celebrity Style","Pop Culture","2","N","","","","","","","","",""
"440","432","Humor and Satire","Pop Culture","2","N","","","","","","","","",""
"13","2","Minivan","Automotive","3","Y","","","van","","Automotive","","","3/9/2021",""
"15","2","Pickup Trucks","Automotive","3","Y","","","pick_up_truck","","Automotive","","","3/9/2021",""
"22","16","Green Vehicles","Automotive","3","Y","","","","","Automotive","logos for all relevant brands","","3/9/2021",""
"444","441","Vacation Properties","Real Estate","2","N","","","","","","","","",""
"445","441","Developmental Sites","Real Estate","2","N","","","","","","","","",""
"23","16","Luxury Cars","Automotive","3","Y","","","","","","logos for all relevant brands","","3/9/2021",""
"92","90","Education industry","Business and Finance","3","Y","","","","university_indoor; university_outdoor; classroom","Education","logos for all relevant brands","","3/9/2021",""
"448","441","Industrial Property","Real Estate","2","N","","","","","","","","",""
"93","90","Entertainment Industry","Business and Finance","3","Y","","","","movie_theatre; concert_festival; amusement_park","Entertainment","logos for all relevant brands","","3/9/2021",""
"95","90","Financial Industry","Business and Finance","3","Y","","Bank, ATM, Stock market, Wall St","","","Financial","logos for all relevant brands","","3/9/2021",""
"451","441","Real Estate Buying and Selling","Real Estate","2","N","","","","","","","","",""
"452","441","Real Estate Renting and Leasing","Real Estate","2","N","","","","","","","","",""
"96","90","Food Industry","Business and Finance","3","Y","","","refridgerator; microwave; oven; food objects","restaurant_indoor; kitchen_indoor","Non-Alcoholic Beverages, Alcoholic Beverages, Consumer Product","logos for all relevant brands","","3/9/2021",""
"454","453","Agnosticism","Religion & Spirituality","2","N","","","","","","","","",""
"455","453","Spirituality","Religion & Spirituality","2","N","","","","","","","","",""
"456","453","Astrology","Religion & Spirituality","2","N","","","","","","","","",""
"457","453","Atheism","Religion & Spirituality","2","N","","","","","","","","",""
"458","453","Buddhism","Religion & Spirituality","2","N","","","","","","","","",""
"459","453","Christianity","Religion & Spirituality","2","N","","","","","","","","",""
"460","453","Hinduism","Religion & Spirituality","2","N","","","","","","","","",""
"461","453","Islam","Religion & Spirituality","2","N","","","","","","","","",""
"462","453","Judaism","Religion & Spirituality","2","N","","","","","","","","",""
"463","453","Sikhism","Religion & Spirituality","2","N","","","","","","","","",""
"97","90","Healthcare Industry","Business and Finance","3","Y","","","doctor","hospital","Government, Insurance, Personal Care","logos for all relevant brands","","3/9/2021",""
"465","464","Biological Sciences","Science","2","N","","","","","","","","",""
"466","464","Chemistry","Science","2","N","","","","","","","","",""
"467","464","Environment","Science","2","N","","","","","","","","",""
"468","464","Genetics","Science","2","N","","","","","","","","",""
"469","464","Geography","Science","2","N","","","","","","","","",""
"470","464","Geology","Science","2","N","","","","","","","","",""
"471","464","Physics","Science","2","N","","","","","","","","",""
"98","90","Hospitality Industry","Business and Finance","3","Y","","","suitcase; airplane","hotel_outdoor; hotel_indoor","Travel","logos for all relevant brands","","3/9/2021",""
"101","90","Logistics and Transportation Industry","Business and Finance","3","Y","","","train; bus; airplane; port; cargo_ship; semi_truck","airplane_indoor","Travel, Delivery Services","logos for all relevant brands","","3/9/2021",""
"474","473","Coupons and Discounts","Shopping","2","N","","","","","","","","",""
"106","90","Media Industry","Business and Finance","3","Y","","","","movie_theatre; concert_festival","Entertainment","logos for all relevant brands","","3/9/2021",""
"476","473","Gifts and Greetings Cards","Shopping","2","N","","","","","","","","",""
"113","90","Apparel Industry","Business and Finance","3","Y","","*Also Retail * Storefront, In-store, Clothing, Pants, Shirts, Sweaters, Shoes, Sneakers, Boots, ","","","Retail","logos for all relevant brands","","3/9/2021",""
"114","90","Retail Industry","Business and Finance","3","Y","","Stores, Shopping, Clothing, Consumer Goods, Electronics - Laptops, Cellphones, Tablets","","retail_outdoor; retail_shopping","Retail","logos for all relevant brands","","3/9/2021",""
"115","90","Technology Industry","Business and Finance","3","Y","","Electronics, Laptops, Cellphones, Tablets, Droids, Cameras","laptop; cellphone","","Computers, Retail","logos for all relevant brands","","3/9/2021",""
"480","473","Lotteries and Scratchcards","Shopping","2","N","","","","","","","","",""
"481","473","Sales and Promotions","Shopping","2","N","","","","","","","","",""
"116","90","Telecommunications Industry","Business and Finance","3","Y","","Cellphones, Video Chat, 5G, 4G, 6G, radio broadcasting, computer networks, internet, wifi, fiber optics, smart phones","cellphone","","Computers, Telecommunication","logos for all relevant brands","","3/9/2021",""
"117","90","Automotive Industry","Business and Finance","3","Y","","*Related to Automotive Category","sedan; convertible; wagon; suv; van; pick_up_truck; car; truck; motorcycle; bus","road_outdoor; car_indoor","Automotive","logos for all relevant brands","","3/9/2021",""
"484","483","American Football","Sports","2","N","","","","","","","","",""
"485","483","Boxing","Sports","2","N","","","","","","","","",""
"486","483","Cheerleading","Sports","2","N","","","","","","","","",""
"487","483","College Sports","Sports","2","N","","","","","","","","",""
"488","487","College Football","Sports","3","N","","","","","","","","",""
"489","487","College Basketball","Sports","3","N","","","","","","","","",""
"490","487","College Baseball","Sports","3","N","","","","","","","","",""
"491","483","Cricket","Sports","2","N","","","","","","","","",""
"492","483","Cycling","Sports","2","N","","","","","","","","",""
"493","483","Darts","Sports","2","N","","","","","","","","",""
"494","483","Disabled Sports","Sports","2","N","","","","","","","","",""
"495","483","Diving","Sports","2","N","","","","","","","","",""
"496","483","Equine Sports","Sports","2","N","","","","","","","","",""
"497","483","Horse Racing","Sports","3","N","","","","","","","","",""
"498","483","Extreme Sports","Sports","2","N","","","skateboard; snowboard; surfboard","","","","","",""
"499","498","Canoeing and Kayaking","Sports","3","N","","","","","","","","",""
"500","498","Climbing","Sports","3","N","","","","","","","","",""
"501","498","Paintball","Sports","3","N","","","","","","","","",""
"502","498","Scuba Diving","Sports","3","N","","","","","","","","",""
"503","498","Skateboarding","Sports","3","N","","","skateboard","","","","","",""
"504","498","Snowboarding","Sports","3","N","","","snowboard","","","","","",""
"505","498","Surfing and Bodyboarding","Sports","3","N","","","surfboard","","","","","",""
"506","498","Waterskiing and Wakeboarding","Sports","3","N","","","","","","","","",""
"507","483","Australian Rules Football","Sports","2","N","","","","","","","","",""
"508","483","Fantasy Sports","Sports","2","N","","","","","","","","",""
"509","483","Field Hockey","Sports","2","N","","","","","","","","",""
"510","483","Figure Skating","Sports","2","N","","","","","","","","",""
"511","483","Fishing Sports","Sports","2","N","","","","","","","","",""
"512","483","Golf","Sports","2","N","","","","","","","","",""
"513","483","Gymnastics","Sports","2","N","","","","","","","","",""
"514","483","Hunting and Shooting","Sports","2","N","","","","","","","","",""
"515","483","Ice Hockey","Sports","2","N","","","","","","","","",""
"516","483","Inline Skating","Sports","2","N","","","","","","","","",""
"517","483","Lacrosse","Sports","2","N","","","","","","","","",""
"518","483","Auto Racing","Sports","2","N","","","","","","","","",""
"519","518","Motorcycle Sports","Sports","3","N","","","","","","","","",""
"520","483","Martial Arts","Sports","2","N","","","","","","","","",""
"521","483","Olympic Sports","Sports","2","N","","","","","","Olympics Rings logo","","",""
"522","521","Summer Olympic Sports","Sports","3","N","","","","","","","","",""
"523","521","Winter Olympic Sports","Sports","3","N","","","","","","","","",""
"524","483","Poker and Professional Gambling","Sports","2","N","","","","","","","","",""
"525","483","Rodeo","Sports","2","N","","","","","","","","",""
"526","483","Rowing","Sports","2","N","","","","","","","","",""
"527","483","Rugby","Sports","2","N","","","","","","","","",""
"528","527","Rugby League","Sports","3","N","","","","","","","","",""
"529","527","Rugby Union","Sports","3","N","","","","","","","","",""
"530","483","Sailing","Sports","2","N","","","","","","","","",""
"531","483","Skiing","Sports","2","N","","","skis; snowboard","","","","","",""
"532","483","Snooker/Pool/Billiards","Sports","2","N","","","","","","","","",""
"533","483","Soccer","Sports","2","N","","","","","","","","",""
"534","483","Badminton","Sports","2","N","","","","","","","","",""
"535","483","Softball","Sports","2","N","","","","","","","","",""
"536","483","Squash","Sports","2","N","","","","","","","","",""
"537","483","Swimming","Sports","2","N","","","","","","","","",""
"538","483","Table Tennis","Sports","2","N","","","","","","","","",""
"539","483","Tennis","Sports","2","N","","","tennis_racket","AND sports_event","","","","",""
"540","483","Track and Field","Sports","2","N","","","","","","","","",""
"541","483","Volleyball","Sports","2","N","","","","","","","","",""
"542","483","Walking","Sports","2","N","","","","","","","","",""
"543","483","Water Polo","Sports","2","N","","","","","","","","",""
"544","483","Weightlifting","Sports","2","N","","","","","","","","",""
"545","483","Baseball","Sports","2","N","","","baseball_bat; baseball_glove","AND sports_event","","","","",""
"546","483","Wrestling","Sports","2","N","","","","","","","","",""
"547","483","Basketball","Sports","2","N","","","","","","","","",""
"548","483","Beach Volleyball","Sports","2","N","","","","","","","","",""
"549","483","Bodybuilding","Sports","2","N","","","","","","","","",""
"550","483","Bowling","Sports","2","N","","","","","","","","",""
"551","483","Sports Equipment","Sports","2","N","","","sports_ball; baseball_bat; baseball_glove; tennis_racket; skis; snowboard; skateboard; surfboard","","","","","",""
"118","90","Aviation Industry","Business and Finance","3","Y","","Airplanes, Aircraft, Pilot, Flight attendant, United, Jetblue, Southwest, Single Engine Plane, Plane, Helicopter","airplane","airplane_indoor","Travel","logos for all relevant brands","","3/9/2021",""
"165","163","Wedding","Events and Attractions","3","Y","","","","wedding","Retail, Restaurants, Consumer Goods","","","3/9/2021",""
"170","163","Birthday","Events and Attractions","3","Y","","","","birthday","Retail, Telecommunications","","","3/9/2021",""
"172","163","Graduation","Events and Attractions","3","Y","","Graduation Cap, Diploma, graduation gown, honor cords, graduate hoods","","graduation","","","","3/9/2021",""
"173","163","Prom","Events and Attractions","3","Y","","Large dresses, Dress, suits, bowties, corsage, + party, dancing","","","","","","3/9/2021",""
"557","553","Natural and Organic Beauty","Style & Fashion","3","N","","","","","","","","",""
"194","192","Daycare and Pre-School","Family and Relationships","3","Y","","Daycare, pre-school, classes, playgrounds, crayons, markers, classrooms, cubbies","","","","","","4/15/2022",""
"559","553","Skin Care","Style & Fashion","3","N","","","","","","logos for all relevant brands","","",""
"560","552","Women's Fashion","Style & Fashion","2","N","","","","","","logos for all relevant brands","","",""
"561","560","Women's Accessories","Style & Fashion","3","N","","","","","","","","",""
"562","561","Women's Glasses","Style & Fashion","4","N","","","","","","","","",""
"270","269","Board Games and Puzzles","Hobbies & Interests","3","Y","","","","","Toys, Entertainment","","","3/9/2021",""
"564","561","Women's Hats and Scarves","Style & Fashion","4","N","","","","","","","","",""
"271","269","Card Games","Hobbies & Interests","3","Y","","","","","","","","3/9/2021",""
"554","553","Hair Care","Style & Fashion","3","Y","","blow drier, curlers, straightener, hair spray, bobby pins, hairbrush, extensions","","","","logos for all relevant brands","","3/9/2021",""
"567","566","Women's Business Wear","Style & Fashion","4","N","","","","","","","","",""
"568","566","Women's Casual Wear","Style & Fashion","4","","","","","","","logos for all relevant brands","","",""
"555","553","Makeup and Accessories","Style & Fashion","3","Y","","lipstick, mascara, blush, eyeshadow, foundation, bronxer, brow pencil","","","","logos for all relevant brands","","3/9/2021",""
"570","566","Women's Intimates and Sleepwear","Style & Fashion","4","N","","","","","","logos for all relevant brands","","","female_underwear"
"571","566","Women's Outerwear","Style & Fashion","4","N","","","","","","","","",""
"572","566","Women's Sportswear","Style & Fashion","4","","","","","","","logos for all relevant brands","","",""
"556","553","Nail Care","Style & Fashion","3","Y","","nail polish, nail file, clippers","","","","logos for all relevant brands","","3/9/2021",""
"574","552","Body Art","Style & Fashion","2","N","","","","","","","","",""
"575","552","Children's Clothing","Style & Fashion","2","N","","","","","","","","",""
"576","552","Designer Clothing","Style & Fashion","2","","","","","","","logos for all relevant brands","","",""
"577","552","Fashion Trends","Style & Fashion","2","N","","","","","","","","",""
"578","552","High Fashion","Style & Fashion","2","N","","","","","","","","",""
"579","552","Men's Fashion","Style & Fashion","2","","","","","","","logos for all relevant brands","","",""
"580","579","Men's Accessories","Style & Fashion","3","N","","","","","","","","",""
"581","580","Men's Jewelry and Watches","Style & Fashion","4","","","","","","","","","",""
"558","553","Perfume and Fragrance","Style & Fashion","3","Y","","perfume bottles, perfume brands","","","Retail, Consumer Goods","logos for all relevant brands","","3/9/2021",""
"583","582","Men's Business Wear","Style & Fashion","4","","","","mens_suit","","","","","",""
"566","560","Women's Clothing","Style & Fashion","3","Y","","jeans, dresses, designer clothes","","","","logos for all relevant brands","","3/9/2021",""
"573","560","Women's Shoes and Footwear","Style & Fashion","3","Y","","heels, designer shoes","high_heels","","","logos for all relevant brands","","4/15/2022",""
"586","582","Men's Outerwear","Style & Fashion","4","N","","","","","","","","",""
"587","582","Men's Sportswear","Style & Fashion","4","N","","","","","","","","",""
"588","582","Men's Underwear and Sleepwear","Style & Fashion","4","N","","","","","","","","","male_underwear"
"589","579","Men's Shoes and Footwear","Style & Fashion","3","N","","","","","","","","",""
"590","552","Personal Care","Style & Fashion","2","N","","","","home_bathroom","Personal Care","logos for all relevant brands","","",""
"582","579","Men's Clothing","Style & Fashion","3","Y","","suits, dress shirts, tuxedos, suit ties, dress shoes","","","","logos for all relevant brands","","4/15/2022",""
"591","590","Bath and Shower","Style & Fashion","3","Y","","loofah, body wash, shampoo/conditioner, showerhead","shampoo","","Personal Care","logos for all relevant brands","","3/9/2021",""
"592","590","Deodorant and Antiperspirant","Style & Fashion","3","Y","","sweat, exercise, jogging","deodorant","","Personal Care","logos for all relevant brands","","3/9/2021",""
"593","590","Oral care","Style & Fashion","3","Y","","toothpaste, teeth whitening, mouthwash, dental floss","toothbrush","","Personal Care","logos for all relevant brands","","3/9/2021",""
"595","552","Street Style","Style & Fashion","2","N","","","","","","","","",""
"594","590","Shaving","Style & Fashion","3","Y","","razor, shaving cream","shaver","","Personal Care","logos for all relevant brands","","3/9/2021",""
"597","596","Artificial Intelligence","Technology & Computing","2","N","","","","","","","","",""
"598","596","Augmented Reality","Technology & Computing","2","N","","","","","","","","",""
"599","596","Computing","Technology & Computing","2","N","","","","","","","","",""
"600","599","Computer Networking","Technology & Computing","3","N","","","","","","","","",""
"601","599","Computer Peripherals","Technology & Computing","3","N","","","","","","","","",""
"602","599","Computer Software and Applications","Technology & Computing","3","N","","","","","","","","",""
"603","602","3-D Graphics","Technology & Computing","4","N","","","","","","","","",""
"604","602","Photo Editing Software","Technology & Computing","4","N","","","","","","","","",""
"605","602","Shareware and Freeware","Technology & Computing","4","N","","","","","","","","",""
"606","602","Video Software","Technology & Computing","4","N","","","","","","","","",""
"607","602","Web Conferencing","Technology & Computing","4","N","","","","","","","","",""
"608","602","Antivirus Software","Technology & Computing","4","N","","","","","","","","",""
"609","602","Browsers","Technology & Computing","4","N","","","","","","","","",""
"610","602","Computer Animation","Technology & Computing","4","N","","","","","","","","",""
"611","602","Databases","Technology & Computing","4","N","","","","","","","","",""
"612","602","Desktop Publishing","Technology & Computing","4","N","","","","","","","","",""
"613","602","Digital Audio","Technology & Computing","4","N","","","","","","","","",""
"614","602","Graphics Software","Technology & Computing","4","N","","","","","","","","",""
"615","602","Operating Systems","Technology & Computing","4","N","","","","","","","","",""
"616","599","Data Storage and Warehousing","Technology & Computing","3","N","","","","","","","","",""
"617","599","Desktops","Technology & Computing","3","Y","","computer, computer desk","desktop_computer","","","","","3/9/2021",""
"618","599","Information and Network Security","Technology & Computing","3","N","","","","","","","","",""
"619","599","Internet","Technology & Computing","3","N","","","","","","","","",""
"620","619","Cloud Computing","Technology & Computing","4","N","","","","","","","","",""
"621","619","Web Development","Technology & Computing","4","N","","","","","","","","",""
"622","619","Web Hosting","Technology & Computing","4","N","","","","","","","","",""
"623","619","Email","Technology & Computing","4","N","","","","","","","","",""
"624","619","Internet for Beginners","Technology & Computing","4","N","","","","","","","","",""
"625","619","Internet of Things","Technology & Computing","4","N","","","","","","","","",""
"626","619","IT and Internet Support","Technology & Computing","4","N","","","","","","","","",""
"627","619","Search","Technology & Computing","4","N","","","","","","","","",""
"628","619","Social Networking","Technology & Computing","4","N","","","","","","","","",""
"629","619","Web Design and HTML","Technology & Computing","4","N","","","","","","","","",""
"630","599","Laptops","Technology & Computing","3","Y","","laptop, laptop case, charger","laptop","","","logos for all relevant brands","","3/9/2021",""
"631","599","Programming Languages","Technology & Computing","3","N","","","","","","","","",""
"633","632","Cameras and Camcorders","Technology & Computing","3","Y","","","camera","","","","","3/9/2021",""
"635","632","Smartphones","Technology & Computing","3","Y","","iphones, androids","cellphone","","","","","3/9/2021",""
"634","632","Home Entertainment Systems","Technology & Computing","3","N","","","","","","","","",""
"636","632","Tablets and E-readers","Technology & Computing","3","Y","","ipad, kindle","tablet","","","","","3/9/2021",""
"656","655","Africa Travel","Travel","3","Y","","","","","","","","3/9/2021",""
"637","632","Wearable Technology","Technology & Computing","3","N","","","","","","","","",""
"638","596","Robotics","Technology & Computing","2","N","","","","","","","","",""
"639","596","Virtual Reality","Technology & Computing","2","N","","","","","","","","",""
"657","655","Asia Travel","Travel","3","Y","","","","","","","","3/9/2021",""
"641","640","Animation TV","Television","2","N","","","","","","","","",""
"642","640","Soap Opera TV","Television","2","N","","","","","","","","",""
"643","640","Special Interest TV","Television","2","N","","","","","","","","",""
"644","640","Sports TV","Television","2","N","","","","","","","","",""
"645","640","Children's TV","Television","2","N","","","","","","","","",""
"646","640","Comedy TV","Television","2","N","","","","","","","","",""
"647","640","Drama TV","Television","2","N","","","","","","","","",""
"648","640","Factual TV","Television","2","N","","","","","","","","",""
"649","640","Holiday TV","Television","2","N","","","","","","","","",""
"650","640","Music TV","Television","2","N","","","","","","","","",""
"651","640","Reality TV","Television","2","N","","","","","","","","",""
"652","640","Science Fiction TV","Television","2","N","","","","","","","","",""
"658","655","Australia and Oceania Travel","Travel","3","Y","","","","","","","","3/9/2021",""
"659","655","Europe Travel","Travel","3","Y","","","","","","","","3/9/2021",""
"660","655","North America Travel","Travel","3","Y","","","","","","","","3/9/2021",""
"661","655","Polar Travel","Travel","3","Y","","","","","","","","3/9/2021",""
"662","655","South America Travel","Travel","3","Y","","","","","","","","3/9/2021",""
"668","664","Hotels and Motels","Travel","3","Y","","hotel, hotel lobby, elevators, room key","","hotel_indoor; hotel_outdoor","","logos for all relevant brands","","3/9/2021",""
"669","664","Rail Travel","Travel","3","Y","","railroad, train, train station","train","","","logos for all relevant brands","","3/9/2021",""
"672","664","Air Travel","Travel","3","Y","","airplanes, runways, airports","airplane","airplane_indoor","","logos for all relevant brands","","3/9/2021",""
"673","664","Beach Travel","Travel","3","Y","","ocean, bungalows, beach towels, sunscreen, palm trees","","beach_outdoor","","","","3/9/2021",""
"677","664","Camping","Travel","3","Y","","tents, sleeping bags, cooking ware","tent","","","","","3/9/2021",""
"663","653","Travel Preparation and Advice","Travel","2","N","","","","","","","","",""
"664","653","Travel Type","Travel","2","N","","","","","","","","",""
"665","664","Adventure Travel","Travel","3","N","","","","","","","","",""
"666","664","Family Travel","Travel","3","N","","","","","","","","",""
"667","664","Honeymoons and Getaways","Travel","3","N","","","","","","","","",""
"678","664","Cruises","Travel","3","Y","","cruise ships","","cruise_outdoor","","logos for all relevant brands","","3/9/2021",""
"16A","16","Individual Brands","Automotive","4","Y","","","","","","logos for all relevant brands","","3/9/2021",""
"670","664","Road Trips","Travel","3","N","","","","","","","","",""
"671","664","Spas","Travel","3","N","","","","","","","","",""
"563","561","Women's Handbags and Wallets","Style & Fashion","4","Y","","purses, wallets, clutches","handbag","","","logos for all relevant brands","","3/9/2021",""
"565","561","Women's Jewelry and Watches","Style & Fashion","4","Y","","earrings, diamonds, rubies, ","","","","logos for all relevant brands","","3/9/2021",""
"674","664","Bed & Breakfasts","Travel","3","N","","","","","","","","",""
"675","664","Budget Travel","Travel","3","N","","","","","","","","",""
"676","664","Business Travel","Travel","3","N","","","","","","","","",""
"569","566","Women's Formal Wear","Style & Fashion","4","Y","","*priority if men's formal wear is feasible","gown; high_heels","","","","","3/9/2021",""
"584","582","Men's Casual Wear","Style & Fashion","4","Y","","","","","","","","3/9/2021",""
"679","664","Day Trips","Travel","3","N","","","","","","","","",""
"585","582","Men's Formal Wear","Style & Fashion","4","Y","","*is this feasible?","mens_suit","","","","","3/9/2021",""
"681","680","Console Games","Video Gaming","2","N","","","","","","","","",""
"682","680","eSports","Video Gaming","2","N","","","","","","","","",""
"683","680","Mobile Games","Video Gaming","2","N","","","","","","","","",""
"684","680","PC Games","Video Gaming","2","N","","","","","","","","",""
"685","680","Video Game Genres","Video Gaming","2","N","","","","","","","","",""
"686","685","Action Video Games","Video Gaming","3","N","","","","","","","","",""
"687","685","Role-Playing Video Games","Video Gaming","3","N","","","","","","","","",""
"688","685","Simulation Video Games","Video Gaming","3","N","","","","","","","","",""
"689","685","Sports Video Games","Video Gaming","3","N","","","","","","","","",""
"690","685","Strategy Video Games","Video Gaming","3","N","","","","","","","","",""
"691","685","Action-Adventure Video Games","Video Gaming","3","N","","","","","","","","",""
"692","685","Adventure Video Games","Video Gaming","3","N","","","","","","","","",""
"693","685","Casual Games","Video Gaming","3","N","","","","","","","","",""
"694","685","Educational Video Games","Video Gaming","3","N","","","","","","","","",""
"695","685","Exercise and Fitness Video Games","Video Gaming","3","N","","","","","","","","",""
"696","685","MMOs","Video Gaming","3","N","","","","","","","","",""
"697","685","Music and Party Video Games","Video Gaming","3","N","","","","","","","","",""
"698","685","Puzzle Video Games","Video Gaming","3","N","","","","","","","","",""
